{
  "status": "PARTIAL",
  "note": "Joint-NM basin minimum found; all 6 residuals under 12% but above 2% DONE threshold. T2 floors at ~11% on holdout due to simulator's closed-form router producing maximum 5bp share ~0.72 in the unsaturated regime; pushing higher requires either bimodal saturation (which breaks T1) or model changes (variable per-order routing) beyond the 3-parameter scope.",
  "params": {
    "submission_depth_y": 91830910.0,
    "normalizer_fee": 0.03428869,
    "normalizer_depth_y": 22995070000.0
  },
  "targets": {
    "T1": 0.33733,
    "T2": 0.782049,
    "T3": -1.05
  },
  "seeds_calibration": [
    42,
    43,
    44,
    45,
    46
  ],
  "seeds_holdout": [
    100,
    101,
    102,
    103,
    104
  ],
  "n_steps": 5000,
  "calibration_metrics": {
    "arb_5bp_share": 0.31753697090684596,
    "retail_5bp_share": 0.7168210556934898,
    "markout_bps": -0.9529304357404925
  },
  "calibration_residuals": {
    "T1_arb_5bp_share": -0.058675567228393725,
    "T2_retail_5bp_share": -0.08340646725014704,
    "T3_markout_bps": -0.09244720405667382
  },
  "holdout_metrics": {
    "arb_5bp_share": 0.3571601208025209,
    "retail_5bp_share": 0.6954871446140121,
    "markout_bps": -1.148268164127621
  },
  "holdout_residuals": {
    "T1_arb_5bp_share": 0.0587855239751012,
    "T2_retail_5bp_share": -0.11068597413459762,
    "T3_markout_bps": 0.09358872774059128
  },
  "calibration_per_seed": {
    "arb_share": [
      1.0,
      0.26386211778714624,
      0.1176817153960714,
      0.11273752698050338,
      0.09340349437050899
    ],
    "retail_share": [
      0.748854413468316,
      0.7893588901888858,
      0.7184895981791474,
      0.7538751268525908,
      0.5735272497785086
    ],
    "markout_bps": [
      3.741542936852147,
      -1.4814979154524488,
      0.3893814649429934,
      -3.97319671597671,
      -3.4408819490684435
    ]
  },
  "holdout_per_seed": {
    "arb_share": [
      0.10618828806827549,
      0.12813445782042904,
      1.0,
      0.4879930988744045,
      0.06348475924949527
    ],
    "retail_share": [
      0.7214223207552021,
      0.6547143760665574,
      0.7583579484206916,
      0.7014480744955188,
      0.6414930033320905
    ],
    "markout_bps": [
      -1.792616871123579,
      0.24611107439612043,
      3.7232129072397515,
      -3.8814033497461087,
      -4.036644581404289
    ]
  },
  "joint_loss": 0.04341191916587442,
  "max_calib_residual": 0.09244720405667382,
  "max_holdout_residual": 0.11068597413459762,
  "source_cycle": "cycle_08_final_tight_nm"
}