{
  "params": {
    "submission_depth_y": 15610148.67792858,
    "normalizer_fee": 0.04867702567797469,
    "normalizer_depth_y": 610971886308.6783
  },
  "targets": {
    "T1": 0.33733,
    "T2": 0.782049,
    "T3": 3.637
  },
  "seeds_calibration": [
    42,
    43,
    44,
    45,
    46
  ],
  "seeds_holdout": [
    100,
    101,
    102,
    103,
    104
  ],
  "n_steps": 5000,
  "calibration_metrics": {
    "arb_5bp_share": 0.3379760433592912,
    "retail_5bp_share": 0.6015910420261971,
    "markout_bps": 3.3764304858724037
  },
  "calibration_residuals": {
    "T1_arb_5bp_share": 0.0019151672228713513,
    "T2_retail_5bp_share": -0.2307501933687057,
    "T3_markout_bps": -0.07164407867132151
  },
  "holdout_metrics": {
    "arb_5bp_share": 0.40278401342336956,
    "retail_5bp_share": 0.5797297025602357,
    "markout_bps": 3.6315113290573366
  },
  "holdout_residuals": {
    "T1_arb_5bp_share": 0.19403555397791342,
    "T2_retail_5bp_share": -0.25870411884647165,
    "T3_markout_bps": -0.0015091204131601223
  },
  "calibration_per_seed": {
    "arb_share": [
      1.0,
      0.6755824098066728,
      0.00703633619754703,
      0.004342820635714514,
      0.0029186501565218047
    ],
    "retail_share": [
      0.6144954735108552,
      0.6794410778444626,
      0.6663872823202003,
      0.6180388126478663,
      0.42959256380760125
    ],
    "markout_bps": [
      4.7125965373565935,
      3.144228237705075,
      3.9858621331868562,
      2.306726450057157,
      2.7327390710563395
    ]
  },
  "holdout_per_seed": {
    "arb_share": [
      0.004542789173769592,
      0.007058659314016189,
      1.0,
      1.0,
      0.0023186186290620812
    ],
    "retail_share": [
      0.5952194960417695,
      0.5093025723678756,
      0.6597534252627699,
      0.585031135180677,
      0.5493418839480867
    ],
    "markout_bps": [
      3.414404111468073,
      3.856987969972343,
      4.716367101008322,
      3.0780548469940054,
      3.091742615843938
    ]
  },
  "source_cycle": "cycle_02"
}