{
  "framework": "fit V2 (\u03c6, depth) of the 'other pool' from empirical non-5bp impact cloud; validate on the 5bp pool that was NEVER used in the fit",
  "submission_pool_frozen": {
    "fee": 0.0005,
    "depth_y": 212157626.44,
    "pool": "0x88e6a0c2ddd26feeb64f039a2c41296fcb3f5640 (Uniswap V3 5bp WETH/USDC)"
  },
  "targets_realworld_5bp": {
    "arb_volume_split_5bp_real": 0.33733,
    "retail_volume_split_5bp_real": 0.782049,
    "markout_5bp_real_bps": -1.05
  },
  "seeds_calibration": [
    42,
    43,
    44,
    45,
    46
  ],
  "seeds_holdout": [
    100,
    101,
    102,
    103,
    104
  ],
  "n_steps": 5000,
  "plan_a": {
    "plan": "Plan A",
    "phi": 0.0003973670459925772,
    "depth_usdc": 39509765.959904514,
    "calibration": {
      "arb_share": 0.820549188091177,
      "retail_share": 0.7918774899955778,
      "markout_bps": -4.2846098439362725,
      "arb_share_std": 0.0034829184611004497,
      "retail_share_std": 0.009458613981399909,
      "markout_bps_std": 4.158133223244476,
      "per_seed": [
        {
          "seed": 42,
          "arb_share": 0.8166496742300479,
          "retail_share": 0.7921910721860514,
          "markout_bps": 2.746409338748326,
          "arb_vol_sub": 66668950.99009654,
          "arb_vol_norm": 14968197.831340553,
          "retail_vol_sub": 50874300.570112765,
          "retail_vol_norm": 13345434.234175196,
          "edge_sub": 32282.188379180257
        },
        {
          "seed": 43,
          "arb_share": 0.8211491735851627,
          "retail_share": 0.7928744675023524,
          "markout_bps": -5.9384230772172115,
          "arb_vol_sub": 100289568.59082991,
          "arb_vol_norm": 21843622.08506463,
          "retail_vol_sub": 50405916.10447504,
          "retail_vol_norm": 13167724.07498438,
          "edge_sub": -89489.35439470322
        },
        {
          "seed": 44,
          "arb_share": 0.8170971516576833,
          "retail_share": 0.7807744104653473,
          "markout_bps": -2.3777349378121277,
          "arb_vol_sub": 77487858.96648285,
          "arb_vol_norm": 17345244.79514403,
          "retail_vol_sub": 42040158.1598852,
          "retail_vol_norm": 11804022.177465959,
          "edge_sub": -28420.59423687717
        },
        {
          "seed": 45,
          "arb_share": 0.8216469181522735,
          "retail_share": 0.7850475080394105,
          "markout_bps": -9.361038937797025,
          "arb_vol_sub": 96420423.09608647,
          "arb_vol_norm": 20929768.288939998,
          "retail_vol_sub": 44134692.9036258,
          "retail_vol_norm": 12084443.456476085,
          "edge_sub": -131574.19137798843
        },
        {
          "seed": 46,
          "arb_share": 0.8262030228307177,
          "retail_share": 0.8084999917847273,
          "markout_bps": -6.492261605603326,
          "arb_vol_sub": 127373999.80489053,
          "arb_vol_norm": 26793918.11010894,
          "retail_vol_sub": 76701932.40123354,
          "retail_vol_norm": 18167496.393586196,
          "edge_sub": -132491.43392895264
        }
      ]
    },
    "holdout": {
      "arb_share": 0.8198008887917286,
      "retail_share": 0.7932446306367631,
      "markout_bps": -4.839900431550677,
      "arb_share_std": 0.003906393635103997,
      "retail_share_std": 0.0019340090446704208,
      "markout_bps_std": 4.436816044454758,
      "per_seed": [
        {
          "seed": 100,
          "arb_share": 0.8216778700940914,
          "retail_share": 0.7932666301774853,
          "markout_bps": -6.273176469946098,
          "arb_vol_sub": 88181714.47143187,
          "arb_vol_norm": 19137367.228229903,
          "retail_vol_sub": 50513946.94271539,
          "retail_vol_norm": 13164449.47667441,
          "edge_sub": -87006.23596668396
        },
        {
          "seed": 101,
          "arb_share": 0.8197817216314164,
          "retail_share": 0.795826814559357,
          "markout_bps": -2.371165493911561,
          "arb_vol_sub": 83608606.07485063,
          "arb_vol_norm": 18380257.385613374,
          "retail_vol_sub": 53311137.77531904,
          "retail_vol_norm": 13677228.034944588,
          "edge_sub": -32465.937205273192
        },
        {
          "seed": 102,
          "arb_share": 0.81235164511882,
          "retail_share": 0.7912988644261532,
          "markout_bps": 2.557246972278782,
          "arb_vol_sub": 59299660.40659577,
          "arb_vol_norm": 13697865.680671783,
          "retail_vol_sub": 47260289.61122209,
          "retail_vol_norm": 12464666.073498962,
          "edge_sub": 27250.01095492431
        },
        {
          "seed": 103,
          "arb_share": 0.8235056845697214,
          "retail_share": 0.7909115464717652,
          "markout_bps": -9.10881737311378,
          "arb_vol_sub": 104468180.84156264,
          "arb_vol_norm": 22389693.729329806,
          "retail_vol_sub": 49403696.7793772,
          "retail_vol_norm": 13060553.489525488,
          "edge_sub": -140159.08321072542
        },
        {
          "seed": 104,
          "arb_share": 0.8216875225445933,
          "retail_share": 0.794919297549055,
          "markout_bps": -9.003589793060728,
          "arb_vol_sub": 84458330.45870095,
          "arb_vol_norm": 18328103.72877616,
          "retail_vol_sub": 53860521.5780505,
          "retail_vol_norm": 13895440.246145545,
          "edge_sub": -124536.62043859724
        }
      ]
    }
  },
  "plan_b": {
    "plan": "Plan B",
    "phi": 0.00013423923903807682,
    "depth_usdc": 34808967.16428402,
    "calibration": {
      "arb_share": 0.7741487372753812,
      "retail_share": 0.7564385375645035,
      "markout_bps": -4.476776907094303,
      "arb_share_std": 0.013188642463950923,
      "retail_share_std": 0.01904438551131231,
      "markout_bps_std": 4.225998442378386,
      "per_seed": [
        {
          "seed": 42,
          "arb_share": 0.7596475797346958,
          "retail_share": 0.7561180734693497,
          "markout_bps": 2.6906490556400926,
          "arb_vol_sub": 65838155.599325135,
          "arb_vol_norm": 20831186.021323327,
          "retail_vol_sub": 48554971.98310278,
          "retail_vol_norm": 15661152.0414356,
          "edge_sub": 30779.176070137633
        },
        {
          "seed": 43,
          "arb_share": 0.7751958397729916,
          "retail_share": 0.759273662974833,
          "markout_bps": -6.161461604115281,
          "arb_vol_sub": 99284887.16612582,
          "arb_vol_norm": 28792280.011655245,
          "retail_vol_sub": 48268891.83650049,
          "retail_vol_norm": 15303564.565296786,
          "edge_sub": -90914.69438667936
        },
        {
          "seed": 44,
          "arb_share": 0.7615313184965773,
          "retail_share": 0.732340906037898,
          "markout_bps": -2.6165300767101822,
          "arb_vol_sub": 76421687.59114529,
          "arb_vol_norm": 23930964.67011397,
          "retail_vol_sub": 39433524.41766,
          "retail_vol_norm": 14412333.55988051,
          "edge_sub": -30313.86467646737
        },
        {
          "seed": 45,
          "arb_share": 0.778260872719223,
          "retail_share": 0.7449623968715051,
          "markout_bps": -9.675507242624114,
          "arb_vol_sub": 95488009.18867365,
          "arb_vol_norm": 27206080.33305838,
          "retail_vol_sub": 41878211.05093024,
          "retail_vol_norm": 14336990.181775207,
          "edge_sub": -132908.78588201865
        },
        {
          "seed": 46,
          "arb_share": 0.7961080756534188,
          "retail_share": 0.7894976484689318,
          "markout_bps": -6.621034667662027,
          "arb_vol_sub": 127077238.24962872,
          "arb_vol_norm": 32545860.844458465,
          "retail_vol_sub": 74890765.70118007,
          "retail_vol_norm": 19967991.441941638,
          "edge_sub": -133723.7155916806
        }
      ]
    },
    "holdout": {
      "arb_share": 0.7708767825886361,
      "retail_share": 0.7583783700746244,
      "markout_bps": -5.060943447475293,