{"meta": {"seeds": 24, "n_steps": 5000, "step_seconds": 12.0, "markout_seconds": 15.0, "fee_init_bps": 3.5, "primary_depth": 1000000.0, "pool_order": ["Guidestar (real params, 3.5bp floor)", "flat 3.5bp (=feeInit, dynamics off)", "flat 5bp (incumbent)"], "normalizer": "\u00a78 full-market \u03c6=4.65bps D=$275M", "base_arrival": 0.4568333333333333}, "by_size_diag": {"centers": [1.47, 3.16, 6.81, 14.68, 31.62, 68.13, 146.78, 316.23, 681.29, 1467.8, 3162.28, 6812.92, 14677.99, 31622.78, 68129.21, 146779.93, 316227.77, 681292.07], "edges": [1.0, 2.154, 4.642, 10.0, 21.544, 46.416, 100.0, 215.443, 464.159, 1000.0, 2154.435, 4641.589, 10000.0, 21544.347, 46415.888, 100000.0, 215443.469, 464158.883, 1000000.0], "Guidestar (real params, 3.5bp floor)": {"count": [232, 384, 604, 843, 1350, 1946, 2245, 1365, 52, 7, 1, 0, 0, 0, 0, 0, 0, 0], "mean_bps": [3.0208512091362936, 2.5498460637674483, 3.4400141272328124, 3.268953699399873, 3.2154178839821195, 3.5433618326932326, 3.2472491978866325, 2.6062325707759504, 11.213539938609829, 16.7199499890459, 27.278673067797378, null, null, null, null, null, null, null], "median_bps": [3.577731011445187, 3.5786156571118433, 3.4801684748882304, 3.643390362841542, 3.550471975267665, 3.49398270164043, 3.154942556119024, 2.486483732625995, 10.702933322783217, 13.31186976724419, 27.278673067797378, null, null, null, null, null, null, null], "mean_drop1_bps": [3.2613446502848884, 3.3427613561634995, 3.4951015727604755, 3.2071216587735547, 3.354880634235021, 3.4176951208754796, 3.1539606333677743, 2.6509326896142227, 10.879938122391868, 15.080988267014495, null, null, null, null, null, null, null, null], "max_abs_bps": [-52.53313369618914, -301.13671092392013, -29.77771552594835, 55.331531906760134, -184.91983220718308, 247.9651163182234, 212.58678797820355, -58.36472952462782, 28.22723256572577, 26.55372032123434, 27.278673067797378, null, null, null, null, null, null, null], "p25_bps": [1.0261280472177423, 1.0526964383186628, 1.1797978320183673, 0.9859609098018878, 1.2923321254725386, 1.3985596071366553, 1.2891602634178252, 0.30189709757180433, 7.562825209646725, 12.641965111622987, 27.278673067797378, null, null, null, null, null, null, null], "p75_bps": [5.473578432947407, 5.562465152016188, 5.413538988033363, 5.253540149525135, 5.214703847340339, 5.239445022184757, 4.986386853779591, 4.929987002930201, 14.459378999636083, 20.391673563497264, 27.278673067797378, null, null, null, null, null, null, null], "all_count": [336, 566, 999, 1544, 2671, 4128, 4619, 2896, 551, 142, 46, 38, 40, 0, 0, 0, 0, 0], "arb_count": [104, 182, 395, 701, 1321, 2182, 2374, 1531, 499, 135, 45, 38, 40, 0, 0, 0, 0, 0], "total_usd": [0.004680290425267029, 0.014098399734069752, 0.05304198500974663, 0.15937020477542196, 0.5264782948879358, 1.6286254404508564, 2.115380934618917, -2.926900879986654, -7.41877783958563, -10.46591330136612, -15.858833499537866, -87.48258481402759, -310.649087490967, 0.0, 0.0, 0.0, 0.0, 0.0], "arb_usd": [0.00027676657583418823, 0.00013184520616615902, -0.007553720031659439, -0.017774434536624712, -0.07388749544507862, -0.36016569916857577, -2.3851662722829996, -6.679978038899187, -9.128998585752582, -11.060978574756794, -16.112950030872923, -87.48258481402759, -310.649087490967, 0.0, 0.0, 0.0, 0.0, 0.0], "top1_abs_share": [0.05699046336705036, 0.11385881220290425, 0.012782194827520152, 0.012780178385391572, 0.012593759119017419, 0.020869220293108122, 0.014499269151373341, 0.02281049094539237, 0.013078729623650455, 0.020286554078994927, 0.0623573021992079, 0.050550057052479, 0.04539866233984745, null, null, null, null, null], "top5_abs_share": [0.1136409079404178, 0.15214742322547886, 0.046509802222339865, 0.0419903270959603, 0.03487087026969438, 0.06432989035595697, 0.05075985241935851, 0.04735672070710671, 0.04904210896632765, 0.08418947917010922, 0.2229632463813816, 0.22965586887535444, 0.20050441436515246, null, null, null, null, null]}, "flat 3.5bp (=feeInit, dynamics off)": {"count": [876, 1227, 1980, 2679, 4205, 6550, 9842, 6233, 126, 22, 1, 0, 0, 0, 0, 0, 0, 0], "mean_bps": [3.3904207616508852, 2.993506662073991, 2.893713870336866, 2.8360135524725334, 2.8822048642699016, 3.0648629809861574, 2.9486025398530606, 2.522495044855667, 9.312269336914328, 14.85254360865869, 27.167859082191903, null, null, null, null, null, null, null], "median_bps": [3.582225016881808, 3.3822308294389307, 2.9837053295965896, 2.954939502166659, 3.148461093883766, 3.2096251296270157, 3.055253821493773, 2.503022692131926, 9.222061240782047, 12.894618412503872, 27.167859082191903, null, null, null, null, null, null, null], "mean_drop1_bps": [3.3125775691946733, 3.2415737243557685, 2.816142490865411, 2.9360988942494757, 2.9678137497903525, 3.0262398283930594, 2.9233802060982406, 2.487190017650745, 9.183559035576822, 14.464178373611011, null, null, null, null, null, null, null, null], "max_abs_bps": [71.50321416083638, -301.1367116953841, 156.40747384434695, -265.19253172617846, -357.0175498637051, 256.0078893131816, 251.16158902103916, 222.54342458593146, 25.401057004102466, 23.00821354465991, 27.167859082191903, null, null, null, null, null, null, null], "p25_bps": [1.2536773681120528, 0.7296254621163247, 0.4882125936947843, 0.4623582035812673, 0.7648229230544815, 0.9221678811975282, 1.1267273951712526, 0.5232787959549676, 6.47120345469803, 11.47788381595894, 27.167859082191903, null, null, null, null, null, null, null], "p75_bps": [5.574926702623678, 5.381922934297236, 5.067223046108445, 5.1609946827234054, 5.206940963166558, 5.081380250088544, 4.783862992216446, 4.69162501348863, 12.031619741237499, 18.476936939047096, 27.167859082191903, null, null, null, null, null, null, null], "all_count": [1244, 1970, 3342, 5702, 10275, 16682, 21462, 13497, 2052, 388, 61, 40, 47, 0, 0, 0, 0, 0], "arb_count": [368, 743, 1362, 3023, 6070, 10132, 11620, 7264, 1926, 366, 60, 40, 47, 0, 0, 0, 0, 0], "total_usd": [0.018509576298086954, 0.05055381622207263, 0.16630398438835078, 0.45331168484968676, 1.422464746525078, 3.4106759452671773, 5.8497483756268664, -13.457920172589903, -30.750232022109163, -27.14683993422089, -22.237283079732055, -89.20180028673235, -370.98610887267733, 0.0, 0.0, 0.0, 0.0, 0.0], "arb_usd": [-0.0005426206895129034, -0.001198959710583647, -0.003646779832530663, -0.05374791112484201, -0.2603863323636311, -2.511058966199537, -11.538415705577668, -29.573940674448636, -34.08005291482639, -28.919127208537066, -22.49149479797711, -89.20180028673235, -370.98610887267733, 0.0, 0.0, 0.0, 0.0, 0.0], "top1_abs_share": [0.01963741367312667, 0.03363521363333889, 0.014964918044850815, 0.01689401358730156, 0.010959004568813659, 0.006929173997877258, 0.0041431297943817814, 0.008211798525505062, 0.022504135430499145, 0.015817095211605004, 0.04920044170640194, 0.046737579632026606, 0.03862924470497453, null, null, null, null, null], "top5_abs_share": [0.0574477965383007, 0.07315459334817333, 0.029787430140274553, 0.06452054904197005, 0.03837289026372155, 0.023166071364876115, 0.017366964348834304, 0.030002248634386063, 0.07592984587139646, 0.04185716715166028, 0.17656408814553803, 0.22170157132403823, 0.17776240308549915, null, null, null, null, null]}, "flat 5bp (incumbent)": {"count": [670, 985, 1535, 2178, 3474, 5158, 5940, 4548, 108, 19, 1, 0, 0, 0, 0, 0, 0, 0], "mean_bps": [3.5659042825734457, 3.101885142176386, 3.1623698051350466, 2.897719384470646, 3.0504361499758312, 3.202412294847143, 2.9656351826687266, 2.5505880008168655, 9.928004476178822, 15.638411371159421, 27.210507297725993, null, null, null, null, null, null, null], "median_bps": [3.7897854011439778, 3.6390240118012818, 3.2653698074634843, 3.351483405919014, 3.437904541381547, 3.3748357512769247, 3.0647360361086013, 2.540923422063589, 9.543780330750305, 14.28991615816474, 27.210507297725993, null, null, null, null, null, null, null],