{
  "meta": {
    "seeds": 12,
    "depth": 1000000.0
  },
  "loads": [
    0.0,
    0.3333333333333333,
    0.6666666666666666,
    1.0
  ],
  "by_load": [
    {
      "offset_bps": -4.150288836121223,
      "fa_bps": 4.5,
      "fb_bps": 4.5,
      "t_continue_bps": 0.3497111638787773,
      "t_reverse_bps": -8.650288836121224,
      "p_continue": 0.9076114171256885,
      "move_std_bps": 11.623425372015763,
      "load": 0.0
    },
    {
      "offset_bps": -5.005115150768678,
      "fa_bps": 5.991689750692521,
      "fb_bps": 3.0083102493074794,
      "t_continue_bps": 0.9865745999238422,
      "t_reverse_bps": -8.013425400076159,
      "p_continue": 0.8519544475223145,
      "move_std_bps": 12.900954469693524,
      "load": 0.3333333333333333
    },
    {
      "offset_bps": -4.891400374704437,
      "fa_bps": 7.469639468690702,
      "fb_bps": 1.5303605313092978,
      "t_continue_bps": 2.578239093986265,
      "t_reverse_bps": -6.421760906013735,
      "p_continue": 0.6862745098039216,
      "move_std_bps": 12.819379374436913,
      "load": 0.6666666666666666
    },
    {
      "offset_bps": -2.503606382699014,
      "fa_bps": 8.974576271186441,
      "fb_bps": 0.025423728813559324,
      "t_continue_bps": 6.470969888487428,
      "t_reverse_bps": -2.529030111512573,
      "p_continue": 0.3615819209039548,
      "move_std_bps": 10.406328580745589,
      "load": 1.0
    }
  ],
  "move_hist": {
    "edges": [
      -30.0,
      -29.5,
      -29.0,
      -28.5,
      -28.0,
      -27.5,
      -27.0,
      -26.5,
      -26.0,
      -25.5,
      -25.0,
      -24.5,
      -24.0,
      -23.5,
      -23.0,
      -22.5,
      -22.0,
      -21.5,
      -21.0,
      -20.5,
      -20.0,
      -19.5,
      -19.0,
      -18.5,
      -18.0,
      -17.5,
      -17.0,
      -16.5,
      -16.0,
      -15.5,
      -15.0,
      -14.5,
      -14.0,
      -13.5,
      -13.0,
      -12.5,
      -12.0,
      -11.5,
      -11.0,
      -10.5,
      -10.0,
      -9.5,
      -9.0,
      -8.5,
      -8.0,
      -7.5,
      -7.0,
      -6.5,
      -6.0,
      -5.5,
      -5.0,
      -4.5,
      -4.0,
      -3.5,
      -3.0,
      -2.5,
      -2.0,
      -1.5,
      -1.0,
      -0.5,
      0.0,
      0.5,
      1.0,
      1.5,
      2.0,
      2.5,
      3.0,
      3.5,
      4.0,
      4.5,
      5.0,
      5.5,
      6.0,
      6.5,
      7.0,
      7.5,
      8.0,
      8.5,
      9.0,
      9.5,
      10.0,
      10.5,
      11.0,
      11.5,
      12.0,
      12.5,
      13.0,
      13.5,
      14.0,
      14.5,
      15.0,
      15.5,
      16.0,
      16.5,
      17.0,
      17.5,
      18.0,
      18.5,
      19.0,
      19.5,
      20.0,
      20.5,
      21.0,
      21.5,
      22.0,
      22.5,
      23.0,
      23.5,
      24.0,
      24.5,
      25.0,
      25.5,
      26.0,
      26.5,
      27.0,
      27.5,
      28.0,
      28.5,
      29.0,
      29.5,
      30.0
    ],
    "density": [
      3.342022592072722e-05,
      0.00010026067776218167,
      6.684045184145445e-05,
      3.342022592072722e-05,
      0.00016710112960363613,
      0.00010026067776218167,
      0.00016710112960363613,
      0.00010026067776218167,
      0.00016710112960363613,
      6.684045184145445e-05,
      0.00010026067776218167,
      0.00020052135552436334,
      0.0001336809036829089,
      0.0002673618073658178,
      0.00023394158144509058,
      0.00016710112960363613,
      0.00020052135552436334,
      0.00046788316289018115,
      0.0002673618073658178,
      0.00010026067776218167,
      0.000300782033286545,
      0.000300782033286545,
      0.000300782033286545,
      0.00036762248512799947,
      0.0004344629369694539,
      0.0005347236147316356,
      0.00036762248512799947,
      0.0005681438406523628,
      0.0005681438406523628,
      0.0008020854220974534,
      0.0011028674553839983,
      0.0013033888109083617,
      0.0011362876813047257,
      0.001336809036829089,
      0.0017044315219570884,
      0.0013033888109083617,
      0.0021723146848472694,
      0.003108081010627632,
      0.0028072989773410867,
      0.0038099057549629035,
      0.004244368691932358,
      0.005013033888109084,
      0.005815119310206537,
      0.0075863912840050795,
      0.008020854220974533,
      0.010661052068711985,
      0.0127665263017178,
      0.015139362342089433,
      0.01818060290087561,
      0.022191030011362876,
      0.026669340284740325,
      0.035793061961098854,
      0.043379453245103936,
      0.05193503108081011,
      0.06496891918989373,
      0.07740124323240426,
      0.09290822805962168,
      0.1115901343493082,
      0.12168304257736783,
      0.12164962235144709,
      0.35041106877882494,
      0.12626161352850745,
      0.11479847603769801,
      0.09451239890381659,
      0.07700020052135552,
      0.06008956620546755,
      0.051333467014237015,
      0.03983690929750685,
      0.032952342757837046,
      0.02927611790655705,
      0.02239155136688724,
      0.019183209678497428,
      0.016175389345631976,
      0.012666265623955618,
      0.010427110487266893,
      0.009090301450437805,
      0.0064501036027003545,
      0.005447496825078537,
      0.005313815921395629,
      0.004444890047456721,
      0.0036762248512799945,
      0.0029075596551032686,
      0.002105474233005815,
      0.0024396764922130876,
      0.002105474233005815,
      0.001336809036829089,
      0.0014036494886705434,
      0.0010694472294632711,
      0.0011028674553839983,
      0.0007686651961767262,
      0.00060156406657309,
      0.0009357663257803623,
      0.0005347236147316356,
      0.0006684045184145445,
      0.0007352449702559989,
      0.0004344629369694539,
      0.0002673618073658178,
      0.00046788316289018115,
      0.00020052135552436334,
      6.684045184145445e-05,
      0.0002673618073658178,
      0.00016710112960363613,
      0.00020052135552436334,
      0.00033420225920727226,
      0.0001336809036829089,
      0.0001336809036829089,
      0.00016710112960363613,
      0.0002673618073658178,
      0.00016710112960363613,
      6.684045184145445e-05,
      0.00023394158144509058,
      0.00010026067776218167,
      6.684045184145445e-05,
      0.00023394158144509058,
      0.00010026067776218167,
      0.00010026067776218167,
      3.342022592072722e-05,
      0.0001336809036829089,
      6.684045184145445e-05,
      6.684045184145445e-05
    ],
    "std_bps": 7.327379132675048
  }
}