{"meta": {"seeds": 16, "depth": 1000000.0, "pool_order": ["Nezlobin (doc spec)", "Guidestar (real params)", "flat 9bp (4.5/4.5, dyn off)", "flat 5bp (incumbent)"]}, "mk_bins": [-60.0, -58.0, -56.0, -54.0, -52.0, -50.0, -48.0, -46.0, -44.0, -42.0, -40.0, -38.0, -36.0, -34.0, -32.0, -30.0, -28.0, -26.0, -24.0, -22.0, -20.0, -18.0, -16.0, -14.0, -12.0, -10.0, -8.0, -6.0, -4.0, -2.0, 0.0, 2.0, 4.0, 6.0, 8.0, 10.0, 12.0, 14.0, 16.0, 18.0, 20.0, 22.0, 24.0, 26.0, 28.0, 30.0, 32.0, 34.0, 36.0, 38.0, 40.0, 42.0, 44.0, 46.0, 48.0, 50.0, 52.0, 54.0, 56.0, 58.0, 60.0], "Nezlobin (doc spec)": {"arb_total": -561.7052047278409, "retail_total": 36.65182523462503, "arb_count": 1403, "retail_count": 1113, "arb_mk_hist": [0.0, 4.5e-05, 0.0, 6.8e-05, 9e-05, 4.5e-05, 6.8e-05, 2.3e-05, 6.8e-05, 2.3e-05, 4.5e-05, 6.8e-05, 0.000135, 0.000158, 0.00018, 0.000361, 0.000316, 0.000473, 0.000473, 0.000834, 0.00124, 0.002209, 0.003314, 0.005343, 0.008635, 0.015196, 0.02816, 0.050142, 0.087095, 0.123777, 0.085652, 0.041079, 0.020539, 0.010754, 0.005817, 0.002773, 0.001578, 0.000947, 0.000428, 0.000248, 0.000338, 0.000271, 0.00018, 0.000135, 0.000113, 0.00018, 4.5e-05, 2.3e-05, 6.8e-05, 6.8e-05, 4.5e-05, 2.3e-05, 2.3e-05, 0.0, 0.0, 0.0, 2.3e-05, 0.0, 4.5e-05, 2.3e-05], "retail_mk_hist": [0.0, 2.9e-05, 0.0, 0.0, 0.0, 2.9e-05, 0.0, 0.0, 0.0, 5.8e-05, 5.8e-05, 0.0, 5.8e-05, 0.000116, 2.9e-05, 5.8e-05, 0.0, 8.7e-05, 0.000145, 0.000289, 0.000289, 0.000202, 0.000434, 0.000578, 0.001186, 0.002429, 0.003412, 0.0083, 0.018768, 0.038375, 0.082447, 0.135512, 0.10856, 0.051388, 0.022441, 0.011278, 0.006073, 0.002632, 0.001764, 0.000665, 0.000723, 0.000347, 0.000289, 0.000145, 0.00026, 0.000116, 0.000145, 8.7e-05, 5.8e-05, 2.9e-05, 2.9e-05, 2.9e-05, 0.0, 2.9e-05, 0.0, 0.0, 0.0, 2.9e-05, 0.0, 0.0], "arb_cost_bps": 6.8235201085183155, "retail_cost_bps": 6.186572206441268, "arb_vol": 260810.43564077117, "retail_vol": 99710.64506032807}, "Guidestar (real params)": {"arb_total": -447.2559841715762, "retail_total": 13.365842744281746, "arb_count": 401, "retail_count": 394, "arb_mk_hist": [0.000316, 0.000158, 0.0, 0.000158, 0.000158, 7.9e-05, 0.0, 0.000158, 0.000158, 0.0, 0.000158, 0.000158, 7.9e-05, 7.9e-05, 0.000316, 0.000633, 0.000237, 0.00087, 0.000791, 0.001502, 0.001265, 0.002372, 0.003479, 0.005693, 0.008698, 0.01542, 0.028863, 0.047683, 0.084928, 0.125811, 0.087933, 0.040882, 0.019057, 0.01115, 0.005456, 0.001582, 0.001186, 0.000633, 0.000474, 0.000158, 0.000395, 7.9e-05, 0.000158, 7.9e-05, 7.9e-05, 7.9e-05, 0.0, 0.000158, 0.0, 0.0, 0.0, 0.0, 0.000158, 0.0, 0.0, 0.0, 0.0, 0.0, 0.0, 7.9e-05], "retail_mk_hist": [8.3e-05, 0.0, 0.0, 0.0, 0.0, 0.0, 0.0, 0.0, 0.0, 0.0, 0.0, 0.0, 0.0, 0.0, 8.3e-05, 0.00025, 0.000167, 0.0, 0.0, 0.000417, 0.000334, 0.000334, 0.000334, 0.000167, 0.001168, 0.002335, 0.00442, 0.008424, 0.023019, 0.042619, 0.085905, 0.129525, 0.108007, 0.046622, 0.021518, 0.010926, 0.005254, 0.002669, 0.001251, 0.000834, 0.000751, 0.000834, 0.00025, 0.000584, 0.000167, 0.000167, 0.00025, 8.3e-05, 0.000167, 0.0, 0.0, 0.0, 0.0, 0.0, 0.0, 0.0, 0.0, 8.3e-05, 0.0, 0.0], "arb_cost_bps": 22.902124363811602, "retail_cost_bps": 18.206665079390696, "arb_vol": 103078.81819560207, "retail_vol": 37902.52527026016}, "flat 9bp (4.5/4.5, dyn off)": {"arb_total": -564.9936595114269, "retail_total": 38.48116215379079, "arb_count": 1450, "retail_count": 1279, "arb_mk_hist": [4.4e-05, 4.4e-05, 0.0, 6.5e-05, 8.7e-05, 6.5e-05, 4.4e-05, 4.4e-05, 4.4e-05, 4.4e-05, 4.4e-05, 6.5e-05, 0.000131, 0.000109, 0.000196, 0.000326, 0.000348, 0.000501, 0.000413, 0.000958, 0.00111, 0.002307, 0.003439, 0.005375, 0.008836, 0.015256, 0.027617, 0.051273, 0.086289, 0.126398, 0.08296, 0.041349, 0.020239, 0.011012, 0.005571, 0.00272, 0.00148, 0.000871, 0.000413, 0.000348, 0.000239, 0.000326, 0.000239, 8.7e-05, 0.000131, 0.000196, 8.7e-05, 2.2e-05, 4.4e-05, 2.2e-05, 4.4e-05, 0.0, 4.4e-05, 0.0, 0.0, 0.0, 2.2e-05, 0.0, 4.4e-05, 2.2e-05], "retail_mk_hist": [2.6e-05, 0.0, 0.0, 0.0, 0.0, 0.0, 0.0, 0.0, 0.0, 7.7e-05, 2.6e-05, 5.1e-05, 5.1e-05, 7.7e-05, 5.1e-05, 7.7e-05, 7.7e-05, 5.1e-05, 0.000154, 0.000309, 0.00018, 0.000463, 0.000412, 0.000592, 0.001569, 0.002752, 0.004681, 0.010519, 0.021038, 0.044828, 0.085798, 0.126434, 0.105473, 0.048789, 0.022144, 0.010828, 0.005632, 0.002469, 0.001337, 0.000797, 0.000746, 0.00036, 0.000206, 0.000206, 0.000206, 0.00018, 7.7e-05, 2.6e-05, 7.7e-05, 2.6e-05, 0.0, 2.6e-05, 0.0, 5.1e-05, 0.0, 0.0, 2.6e-05, 2.6e-05, 0.0, 0.0], "arb_cost_bps": 6.373802036349666, "retail_cost_bps": 5.457732770257164, "arb_vol": 270463.39720714616, "retail_vol": 121937.68863703222}, "flat 5bp (incumbent)": {"arb_total": -557.2019519295711, "retail_total": 34.56493051628796, "arb_count": 1321, "retail_count": 1081, "arb_mk_hist": [4.8e-05, 4.8e-05, 0.0, 7.2e-05, 4.8e-05, 0.000119, 4.8e-05, 4.8e-05, 4.8e-05, 4.8e-05, 2.4e-05, 4.8e-05, 0.000167, 0.000119, 0.000191, 0.000287, 0.000454, 0.000478, 0.000502, 0.000932, 0.001171, 0.002317, 0.003536, 0.005304, 0.009246, 0.015481, 0.027952, 0.051484, 0.085647, 0.12509, 0.082971, 0.04145, 0.020331, 0.010822, 0.005829, 0.002771, 0.001481, 0.001051, 0.000406, 0.000358, 0.000191, 0.000334, 0.000191, 0.000143, 0.000143, 0.000191, 9.6e-05, 2.4e-05, 4.8e-05, 2.4e-05, 0.0, 4.8e-05, 4.8e-05, 0.0, 0.0, 0.0, 2.4e-05, 0.0, 4.8e-05, 2.4e-05], "retail_mk_hist": [3.1e-05, 0.0, 0.0, 0.0, 0.0, 0.0, 0.0, 0.0, 0.0, 6.1e-05, 6.1e-05, 0.0, 9.2e-05, 9.2e-05, 3.1e-05, 9.2e-05, 9.2e-05, 6.1e-05, 0.000122, 0.000336, 0.000153, 0.000519, 0.000427, 0.000488, 0.001709, 0.002778, 0.005189, 0.011172, 0.022161, 0.047344, 0.088919, 0.123993, 0.101404, 0.04768, 0.021642, 0.010745, 0.005495, 0.002656, 0.001313, 0.000794, 0.000794, 0.000336, 0.000275, 0.000183, 0.000183, 0.000214, 9.2e-05, 3.1e-05, 9.2e-05, 0.0, 3.1e-05, 3.1e-05, 0.0, 3.1e-05, 0.0, 0.0, 3.1e-05, 3.1e-05, 0.0, 0.0], "arb_cost_bps": 6.918989703615605, "retail_cost_bps": 6.015900218548355, "arb_vol": 252338.74384265312, "retail_vol": 109254.90218548261}}