{"ts_bps": 9.0, "n_blocks": 40000, "frac_at_ts": 0.983, "frac_widened": 0.017, "max_spread": 187.14028875664056, "mean_spread": 9.205013630292974, "hist_edges": [8.5, 9.0, 9.5, 10.0, 10.5, 11.0, 11.5, 12.0, 12.5, 13.0, 13.5, 14.0, 14.5, 15.0, 15.5, 16.0, 16.5, 17.0, 17.5, 18.0, 18.5, 19.0, 19.5, 20.0, 20.5, 21.0, 21.5, 22.0, 22.5, 23.0, 23.5, 24.0, 24.5, 25.0, 25.5, 26.0, 26.5, 27.0, 27.5, 28.0, 28.5, 29.0, 29.5, 30.0], "hist": [0, 39320, 0, 0, 0, 0, 0, 0, 0, 0, 0, 148, 96, 68, 58, 39, 25, 32, 27, 17, 14, 15, 10, 14, 16, 12, 4, 6, 2, 5, 3, 2, 3, 0, 3, 1, 2, 2, 2, 1, 4, 1, 1]}