{
  "summary": {
    "initial_loss": -0.008477094209852239,
    "final_loss": -0.0380093983162216,
    "improvement": 3.4837767960684403,
    "twenty_percent_reduction": true,
    "monotone_ma_second_half": true,
    "ma_window": 20,
    "ma_max_up_step": 1.3403194125544138e-06,
    "ma_tolerance": 3.8009459908917674e-06,
    "seeds": [
      3,
      8,
      11,
      13,
      19,
      23,
      29,
      31
    ],
    "steps": 200,
    "lr": 0.005,
    "n_steps_per_episode": 64,
    "gradients_all_finite": true,
    "gradients_all_positive": true
  },
  "loss_curve": [
    -0.008477094209852239,
    -0.008477094209852239,
    -0.0002077051957820565,
    -0.01349354427381072,
    -0.037377638765052575,
    -0.0367831244580219,
    -0.030558687152120678,
    -0.024592170362932677,
    -0.020872207454744975,
    0.006113867397574217,
    -0.02615834902783488,
    -0.03683822415853953,
    -0.01348432802981763,
    -0.00680984015580846,
    -0.0035465683262166496,
    -0.0019717930636148065,
    -0.0014909303249185156,
    -0.0010775642369499163,
    -0.0007441600774391478,
    -0.0005040778238106728,
    -0.00036307743584373904,
    -0.00032041047738506895,
    -0.000369983911611041,
    -0.0005015569830044873,
    -0.0007019286932911201,
    -0.0009560743090413048,
    -0.001248192979948663,
    -0.001562634664867109,
    -0.001891752210685449,
    -0.0024928102281925255,
    -0.003977162371589618,
    -0.006210963666563571,
    -0.010806937641701904,
    -0.016951451740208488,
    -0.03798831181139997,
    -0.02992239741814326,
    -0.023212678507631156,
    -0.027920279730675773,
    -0.03624699504689803,
    -0.031359199571712494,
    -0.03778800150568884,
    -0.03263417432965633,
    -0.030235930320513398,
    -0.032325103639931595,
    -0.037358973985482845,
    -0.03668201673585077,
    -0.030567273534746017,
    -0.0339008136867012,
    -0.021599640189080713,
    -0.016483877619570382,
    -0.02335951829840614,
    -0.033979721317817194,
    -0.03655296123690184,
    -0.018049890065793835,
    -0.015516444220253419,
    -0.01597819649709598,
    -0.019618486987262977,
    -0.037335142927095624,
    -0.03480251164779024,
    -0.030487574806618747,
    -0.029841709352605664,
    -0.03285330020530459,
    -0.03757617792366153,
    -0.03638501657039636,
    -0.027758543073807488,
    -0.031097060971788316,
    -0.010013431595729792,
    0.006821576524155343,
    -0.017734321025595537,
    -0.034876649908340024,
    -0.024638406837275702,
    -0.022430057122575644,
    -0.03699654707983412,
    -0.0371536658680635,
    -0.03354286766940776,
    -0.031691250315548335,
    -0.03236627275501666,
    -0.035046067822147316,
    -0.03786979864457445,
    -0.03684406705333578,
    -0.03312172530849534,
    -0.036664299209303086,
    -0.037984796494894245,
    -0.0370491159548704,
    -0.03577081334691785,
    -0.03650318833774355,
    -0.03774416764208559,
    -0.03791870927388121,
    -0.037194299071880065,
    -0.03690766861076673,
    -0.03729632924083187,
    -0.037914095640754236,
    -0.0378685783987735,
    -0.037469690098965065,
    -0.037131229061805604,
    -0.03746289647111823,
    -0.0378290068804921,
    -0.03800864213755614,
    -0.037659199451657986,
    -0.0374792770382012,
    -0.03766418249162372,
    -0.03799288206967129,
    -0.03790119240851345,
    -0.03777005397932079,
    -0.037694949988519466,
    -0.037754070466496474,
    -0.037865263616951354,
    -0.037945410282856806,
    -0.038009119624910964,
    -0.03791451323353799,
    -0.03788271326401613,
    -0.037965333623168555,
    -0.037992321364711805,
    -0.037941690015149555,
    -0.037908555648306724,
    -0.03790760040577885,
    -0.03793489656263693,
    -0.03798252107428699,
    -0.03800909005179673,
    -0.037978975723127174,
    -0.03798354034357249,
    -0.038009169954809595,
    -0.03799511318413774,
    -0.037989807329153746,
    -0.037988335970615995,
    -0.03799093691463449,
    -0.037995960411136384,
    -0.03800753295521201,
    -0.03800797897044557,
    -0.03799179741387117,
    -0.03800913772137159,
    -0.03800604102764768,
    -0.03800254526633671,
    -0.03800670485082337,
    -0.03800903397615066,
    -0.03800601216970913,
    -0.03800339608065815,
    -0.038008460618546076,
    -0.037995116275034754,
    -0.037987576815425556,
    -0.037982876662389906,
    -0.03798236356655849,
    -0.03798564332722713,
    -0.037991179867059514,
    -0.03799782714089154,
    -0.03800841561549252,
    -0.03800547197212469,
    -0.038006983461844834,
    -0.03800929521476842,
    -0.03800858963591553,
    -0.03800914530601057,
    -0.03800473637827222,
    -0.03800437006651316,
    -0.03800823002773527,
    -0.0380088454230947,
    -0.038009488817296926,
    -0.038000980950306074,
    -0.03800917193619792,
    -0.03800890492030997,
    -0.038009323260852275,
    -0.03800686300092247,
    -0.0380077367963636,
    -0.03800849368528483,
    -0.03800847990741056,
    -0.038008840716140205,
    -0.03800914014522154,
    -0.03800935385301886,
    -0.03800947833370689,
    -0.03800901567292068,
    -0.03800950956703855,
    -0.03800948534145956,
    -0.038009459922642354,
    -0.03800943851817768,
    -0.03800942403194471,
    -0.038009417392891404,
    -0.0380094180978857,
    -0.03800942475786383,
    -0.03800943558771336,
    -0.03800944879139035,
    -0.038009462798416285,
    -0.0380094763741737,
    -0.03800948868442726,
    -0.038009499242642096,
    -0.03800950785153623,
    -0.038009514541327234,
    -0.03800951947302122,
    -0.0380092804091222,
    -0.03800950565622611,
    -0.03800948113845351,
    -0.03800945447369254,
    -0.03800942913783579,
    -0.038009407258813674,
    -0.03800938996015748,
    -0.03800937763120017,
    -0.038009370166215216,
    -0.038009367164101686,
    -0.03800936806038351,
    -0.03800937223153689,
    -0.0380093790450567,
    -0.038009387918004976,
    -0.0380093983162216
  ],