{
  "cycle": 4,
  "name": "joint_nm_basin",
  "note": "Basin confirmed via Cycle 3 + Cycle 4 multi-restart NM. All 4 restarts (tight_around_c3, wide_around_c3, lower_sub, higher_sub) converged here.",
  "best_params": {
    "submission_depth_y": 91800000.0,
    "normalizer_fee": 0.03429,
    "normalizer_depth_y": 23000000000.0
  },
  "calib_metrics": {
    "T1": 0.3175062267413692,
    "T2": 0.7167891772637589,
    "T3": -0.9516423675947495,
    "per_seed_arb": [
      1.0,
      0.2638082502565781,
      0.1176488635511225,
      0.11270182724909682,
      0.09337219265004866
    ],
    "per_seed_retail": [
      0.7488279718458101,
      0.7893274246382443,
      0.7184713499873966,
      0.7538396093461708,
      0.5734795305011732
    ],
    "per_seed_markout": [
      3.741865503395321,
      -1.4800666167254584,
      0.39050914546182913,
      -3.971308665634647,
      -3.439211204470792
    ]
  },
  "holdout_metrics": {
    "T1": 0.3571360986401196,
    "T2": 0.6954498862247036,
    "T3": -1.146885381003837,
    "per_seed_arb": [
      0.10615610805631308,
      0.1280986892614004,
      1.0,
      0.48796107198729993,
      0.06346462389558416
    ],
    "per_seed_retail": [
      0.721382207800278,
      0.6546741239548352,
      0.7583243545675852,
      0.7014066340832447,
      0.6414621107175754
    ],
    "per_seed_markout": [
      -1.7910632484300801,
      0.24715440305622263,
      3.723539979028738,
      -3.8795183706185123,
      -4.034539668055554
    ]
  },
  "calib_residuals": {
    "T1_arb_5bp_share": -0.05876670695944869,
    "T2_retail_5bp_share": -0.08344722995137273,
    "T3_markout_bps": -0.09367393562404812
  },
  "holdout_residuals": {
    "T1_arb_5bp_share": 0.058714311327541464,
    "T2_retail_5bp_share": -0.110733616148472,
    "T3_markout_bps": 0.09227179143222575
  },
  "joint_loss": 0.043415159842810074,
  "max_calib_residual": 0.09367393562404812,
  "max_holdout_residual": 0.110733616148472
}