{
  "cycle": 6,
  "best_params": {
    "submission_depth_y": 13613990.507305996,
    "normalizer_fee": 0.02797443304398229,
    "normalizer_depth_y": 1294458217459.0605
  },
  "final_metrics": {
    "arb_5bp_share": 0.2009542902209064,
    "retail_5bp_share": 0.5264816381789589,
    "markout_bps": 3.4856878537262146,
    "per_seed_arb_share": [
      1.0,
      0.002132878011682102,
      0.0012378639688411333,
      0.0007496478821979529,
      0.0006510612418109529
    ],
    "per_seed_retail_share": [
      0.5358346789780332,
      0.5894450684301488,
      0.6162659786134769,
      0.5475916485757933,
      0.3432708162973425
    ],
    "per_seed_markout_bps": [
      4.736757501234765,
      3.2754300521355244,
      4.107488369986059,
      2.7071631850075444,
      2.601600160267183
    ]
  },
  "final_residuals": {
    "T1_arb_5bp_share": -0.4042798143630676,
    "T2_retail_5bp_share": -0.32679200641013684,
    "T3_markout_bps": -0.041603559602360576
  },
  "holdout_metrics": {
    "arb_5bp_share": 0.20094941058517407,
    "retail_5bp_share": 0.5085754554549167,
    "markout_bps": 3.6358632522508394,
    "per_seed_arb_share": [
      0.0010475211894080904,
      0.0011854004175104976,
      1.0,
      0.001849552497954305,
      0.0006645788209976208
    ],
    "per_seed_retail_share": [
      0.5412038609104526,
      0.45396765588176125,
      0.5621550100890013,
      0.4943911090455083,
      0.4911596413478598
    ],
    "per_seed_markout_bps": [
      3.4262622051239418,
      3.8529093389549054,
      4.705606597040469,
      2.9941752282422365,
      3.2003628918926443
    ]
  },
  "holdout_residuals": {
    "T1_arb_5bp_share": -0.4042942798293242,
    "T2_retail_5bp_share": -0.34968850359131376,
    "T3_markout_bps": -0.0003125509346056134
  },
  "scipy_result": {
    "fun": 0.008940316382076027,
    "nit": 20,
    "nfev": 504,
    "success": false,
    "message": "differential_evolution global search"
  },
  "elapsed_s": 118.21148586273193
}