flow_kind,pool_bucket,swap_count,usd_volume
arb,5bp,14601,121816577.73851569
arb,other,136357,239302944.8771842
retail,5bp,10584,523569548.8786349
retail,other,45019,145914681.88672328
